1703750097155,发言,,我连上了

1703750099611,主播,Fay,可以请您提供更多细节吗？您是否与特定应用程序、服务或设备建立了连接？


1703750115044,发言,,2秒吧大概

1703750118706,主播,Fay,"2秒吧"是指快手平台上的用户“2秒吧直播间”​​，以2秒镜头记录现场​​，并创作有关内容​​。这些内容包括2秒吧整点集结号召大批用户在直播间观看并参与互动​​，形成平台流量聚集现象。值得注意的是，这里的“2秒吧”是作为一个名词短语出现的，其指向具体内容或活动。


1703750123554,发言,,哦在上面用户

1703750124606,主播,Fay,你好，有什么可以帮到你的吗？


1703750131989,发言,,所有的问题都基本上

1703750133433,主播,Fay,您现在有什么问题或信息需要？


1703750134496,发言,,不说不说不说不去给他们给他们嗯就这

1703750138885,主播,Fay,好的，如果您有任何其他问题或需要帮助，我会很乐意回答。


1703750149320,发言,,但好像没怎么用

1703750150064,发言,,没怎么用

1703750153275,主播,Fay,在一个家电设备或者网络设备（如电视、电脑、手机、路由器等）上设置 VPN 并非常见的操作。通常，VPN 连接是在专门的 VPN 客户端软件中进行配置和管理。一些公司或组织可能会提供专门的 VPN 客户端软件，用于连接到其内部网络。同时，一些更高级的网络设备（如企业级路由器或防火墙）可能会提供直接支持 VPN 连接。在这些设备上，通常会通过 Web 界面或专门的管理软件来设置和管理 VPN 连接。在这种情况下，你需要查看特定设备的使用说明或联系设备供应商，以了解如何设置 VPN 连接。总的来说，对于用户来说，设置 VPN 并不是一项常见的个人操作。


1703750169829,主播,Fay,欢迎使用数字人助手，我是专门设计和训练的AI，可以回答你遇到的问题，希望我们能愉快交流。有什么我可以帮你解答的问题吗？


